383498,Deadpool 2
402900,Ocean's Eight
466282,To All the Boys I've Loved Before
363088,Ant-Man and the Wasp
454983,The Kissing Booth
293660,Deadpool
523873,Kung Fu League
455980,Tag
283995,Guardians of the Galaxy Vol. 2
291805,Now You See Me 2
455207,Crazy Rich Asians
177572,Big Hero 6
399174,Isle of Dogs
420814,Christopher Robin
449176,"Love, Simon"
487558,BlacKkKlansman
507562,Crayon Shin-chan: Burst Serving! Kung Fu Boys ~Ramen Rebellion~
400155,Hotel Transylvania 3: Summer Vacation
353486,Jumanji: Welcome to the Jungle
159824,Hotel Transylvania 2
98566,Teenage Mutant Ninja Turtles
207703,Kingsman: The Secret Service
150540,Inside Out
445571,Game Night
455656,#RealityHigh
808,Shrek
20352,Despicable Me
425,Ice Age
269149,Zootopia
257344,Pixels
14160,Up
310,Bruce Almighty
585,"Monsters, Inc."
166426,Pirates of the Caribbean: Dead Men Tell No Tales
76492,Hotel Transylvania
503619,The Package
460668,I Feel Pretty
18785,The Hangover
82702,How to Train Your Dragon 2
454992,The Spy Who Dumped Me
57800,Ice Age: Continental Drift
437557,Blockers
181533,Night at the Museum: Secret of the Tomb
218746,Young Mother
313369,La La Land
260514,Cars 3
390043,The Hitman's Bodyguard
254470,Pitch Perfect 2
950,Ice Age: The Meltdown
106646,The Wolf of Wall Street
454619,Overboard
194662,Birdman
270946,Penguins of Madagascar
350,The Devil Wears Prada
391713,Lady Bird
502682,Book Club
10193,Toy Story 3
434355,Taxi 5
418827,Sister's Younger Husband
9502,Kung Fu Panda
458423,Mamma Mia! Here We Go Again
608,Men in Black II
338768,Please Stand By
112160,Sexual Chronicles of a French Family
2062,Ratatouille
127380,Finding Dory
384677,Set It Up
809,Shrek 2
10625,Mean Girls
339846,Baywatch
399170,Logan Lucky
278154,Ice Age: Collision Course
454283,Action Point
22970,The Cabin in the Woods
518452,Like Father
64688,21 Jump Street
538604,The After Party
412988,The Happytime Murders
93456,Despicable Me 2
353616,Pitch Perfect 3
136799,Trolls
920,Cars
43074,Ghostbusters
325133,Neighbors 2: Sorority Rising
337170,American Made
400579,Tully
370567,Sherlock Gnomes
238713,Spy
474335,Uncle Drew
335797,Sing
399796,Life of the Party
414919,Hart Beat
203801,The Man from U.N.C.L.E.
8355,Ice Age: Dawn of the Dinosaurs
225886,Sex Tape
433310,When We First Met
2770,American Pie 2
37821,Killers
137106,The Lego Movie
810,Shrek the Third
472918,Wiro Sableng: 212 Warrior
120467,The Grand Budapest Hotel
214756,Ted 2
62177,Brave
77338,The Intouchables
301337,Downsizing
114150,Pitch Perfect
11631,Mamma Mia!
376659,Bad Moms
11688,The Emperor's New Groove
187017,22 Jump Street
503321,Meine Oma spinnt
271718,Trainwreck
210860,Mortdecai
376660,The Edge of Seventeen
118,Charlie and the Chocolate Factory
41154,Men in Black 3
364689,Ferdinand
302699,Central Intelligence
10192,Shrek Forever After
542436,Bikini Valley Car Wash
195589,Neighbors
257445,Goosebumps
49013,Cars 2
38055,Megamind
194,Amélie
82696,Hope Springs
50544,Friends with Benefits
82693,Silver Linings Playbook
38365,Grown Ups
334533,Captain Fantastic
196867,Annie
41513,The Smurfs
19913,(500) Days of Summer
100042,Dumb and Dumber To
320846,Sky Sharks
324849,The Lego Batman Movie
340022,Gringo
6957,The 40 Year Old Virgin
22794,Cloudy with a Chance of Meatballs
324852,Despicable Me 3
228161,Home
7443,Chicken Run
511785,Alex Strangelove
82690,Wreck-It Ralph
402897,The Death of Stalin
257211,The Intern
37834,Knight and Day
223702,Sausage Party
72105,Ted
354861,Father Figures
51540,Horrible Bosses
787,Mr. & Mrs. Smith
45243,The Hangover Part II
10096,13 Going on 30
19908,Zombieland
18360,Night at the Museum: Battle of the Smithsonian
1593,Night at the Museum
193893,Let's Be Cops
140300,Kung Fu Panda 3
249635,Seven Street Fighters
9928,Robots
46195,Rio
20256,The Bodyguard
8363,Superbad
512703,Opa wird Papa
290250,The Nice Guys
747,Shaun of the Dead
4256,Scary Movie 3
74643,The Artist
1824,50 First Dates
171274,Inherent Vice
4258,Scary Movie 5
116149,Paddington
2899,Asterix & Obelix: Mission Cleopatra
50022,Super Troopers 2
22538,Scott Pilgrim vs. the World
88751,Journey to the Center of the Earth
818,Austin Powers in Goldmember
456086,Support the Girls
122906,About Time
272693,The DUFF
153518,The Angry Birds Movie
503314,Dragon Ball Super: Broly
49519,The Croods
59436,Midnight in Paris
109414,This Is the End
8961,Bad Boys II
41630,No Strings Attached
109418,Grown Ups 2
200727,"Love, Rosie"
490214,Iceman 2
339404,The Layover
456165,Family Is Family
11887,High School Musical 3: Senior Year
4327,Charlie's Angels
256591,Focus
39514,RED
109439,The Hangover Part III
71552,American Reunion
256961,Paul Blart: Mall Cop 2
172385,Rio 2
268531,Captain Underpants: The First Epic Movie
11283,Nanny McPhee
517358,Eine Hochzeit platzt selten allein
9982,Chicken Little
9880,The Princess Diaries
308531,Teenage Mutant Ninja Turtles: Out of the Shadows
50646,"Crazy, Stupid, Love."
10527,Madagascar: Escape 2 Africa
318846,The Big Short
7326,Juno
188222,Entourage
37735,Easy A
516810,Wir lieben das Leben
425194,The Little Witch
378236,The Emoji Movie
44896,Rango
35019,Nanny McPhee and the Big Bang
4247,Scary Movie
49524,R.I.P.D.
13053,Bolt
10947,High School Musical
138697,Don Jon
77931,The Smurfs 2
138832,We're the Millers
8871,How the Grinch Stole Christmas
517061,Weiser
16996,17 Again
425980,Brad's Status
270487,"Hail, Caesar!"
4638,Hot Fuzz
7446,Tropic Thunder
531949,Father of the Year
400928,Gifted
228967,The Interview
86838,Seven Psychopaths
7453,The Hitchhiker's Guide to the Galaxy
95610,Bridget Jones's Baby
10555,Shark Tale
239563,St. Vincent
1574,Chicago
437670,Suck Me Shakespeer 3
1597,Meet the Parents
11430,The Lion King 1½
11130,The Princess Diaries 2: Royal Engagement
109451,Cloudy with a Chance of Meatballs 2
82654,Warm Bodies
387592,Early Man
9836,Happy Feet
594,The Terminal
146216,RED 2
26123,American Pie Presents: The Book of Love
6477,Alvin and the Chipmunks
170522,Asterix: The Mansions of the Gods
5174,Rush Hour 3
463053,Ibiza
50647,Wanderlust
390059,Permission
507143,Candy Jar
10661,You Don't Mess with the Zohan
227159,Horrible Bosses 2
87567,The Big Wedding
107985,The World's End
252838,The Wedding Ringer
508444,Falling for Figaro
1267,Meet the Robinsons
371638,The Disaster Artist
634,Bridget Jones's Diary
137116,Smurfs: The Lost Village
346648,Paddington 2
9870,Forgetting Sarah Marshall
10204,Around the World in 80 Days
436931,Pokémon the Movie: I Choose You!
43347,Love & Other Drugs
447365,Guardians of the Galaxy Vol. 3
38408,Life As We Know It
80321,Madagascar 3: Europe's Most Wanted
232672,Blended
517324,Yucatán
392,Chocolat
227973,The Peanuts Movie
8920,Garfield
5175,Rush Hour 2
523849,The Last Sharknado: It's About Time
342473,Ballerina
15157,Another Cinderella Story
5559,Bee Movie
116745,The Secret Life of Walter Mitty
416477,The Big Sick
4523,Enchanted
4257,Scary Movie 4
296099,Vacation
431530,A Bad Moms Christmas
4248,Scary Movie 2
6795,Zathura: A Space Adventure
2976,Hairspray
419680,Daddy's Home 2
332210,Storks
353070,Going in Style
